{
  "delta_star": 0.105,
  "alpha": 3.0,
  "mu_icc": -0.315,
  "H0_lcdm": 67.81000000000992,
  "H0_icc": 56.12276123375676,
  "diff_pct": -17.23527321376117
}